{"cameraMode":{"drawMode":0,"name":"Shaded","section":"Shading Mode"},"sceneLighting":false,"audioPlay":false,"sceneViewState":{"showFog":false,"showMaterialUpdate":false,"showSkybox":false,"showFlares":false,"showImageEffects":false,"showParticleSystems":false},"in2DMode":false,"pivot":{"x":-977.02001953125,"y":-626.6699829101563,"z":-308.739990234375},"rotation":{"x":0.26904481649398806,"y":-0.0000033536662158439869,"z":-6.879434977236087e-7,"w":0.9631359577178955},"size":2.8578836917877199,"orthographic":false}