{"cameraMode":{"drawMode":0,"name":"Shaded","section":"Shading Mode"},"sceneLighting":false,"audioPlay":false,"sceneViewState":{"showFog":false,"showMaterialUpdate":false,"showSkybox":false,"showFlares":false,"showImageEffects":false,"showParticleSystems":false},"in2DMode":false,"pivot":{"x":-3.263279914855957,"y":1.3681992292404175,"z":9.29628849029541},"rotation":{"x":0.1628904938697815,"y":-0.3247791528701782,"z":0.056875064969062808,"w":0.9299433827400208},"size":2.924041986465454,"orthographic":true}