{"cameraMode":{"drawMode":0,"name":"Shaded","section":"Shading Mode"},"sceneLighting":false,"audioPlay":false,"sceneViewState":{"showFog":false,"showMaterialUpdate":true,"showSkybox":false,"showFlares":false,"showImageEffects":false,"showParticleSystems":false},"in2DMode":false,"pivot":{"x":-1.6185293197631837,"y":-0.9663381576538086,"z":0.6917223930358887},"rotation":{"x":0.48752814531326296,"y":0.5079254508018494,"z":-0.4522709548473358,"w":0.547524094581604},"size":25.342864990234376,"orthographic":false}