{"cameraMode":{"drawMode":0,"name":"Shaded","section":"Shading Mode"},"sceneLighting":false,"audioPlay":false,"sceneViewState":{"showFog":false,"showMaterialUpdate":false,"showSkybox":false,"showFlares":false,"showImageEffects":false,"showParticleSystems":false},"in2DMode":false,"pivot":{"x":-981.1300048828125,"y":-626.6699829101563,"z":-330.67999267578127},"rotation":{"x":0.26178836822509768,"y":-0.013029673136770726,"z":0.003530774498358369,"w":0.9650362730026245},"size":2.8578836917877199,"orthographic":true}