{"cameraMode":{"drawMode":0,"name":"Shaded","section":"Shading Mode"},"sceneLighting":false,"audioPlay":false,"sceneViewState":{"showFog":false,"showMaterialUpdate":false,"showSkybox":false,"showFlares":false,"showImageEffects":false,"showParticleSystems":false},"in2DMode":false,"pivot":{"x":-983.9299926757813,"y":-626.6699829101563,"z":-308.07000732421877},"rotation":{"x":0.4465309977531433,"y":-0.00805099867284298,"z":0.0040224590338766579,"w":0.8947360515594482},"size":2.8578836917877199,"orthographic":false}