{"cameraMode":{"drawMode":0,"name":"Shaded","section":"Shading Mode"},"sceneLighting":false,"audioPlay":false,"sceneViewState":{"showFog":false,"showMaterialUpdate":false,"showSkybox":false,"showFlares":false,"showImageEffects":false,"showParticleSystems":false},"in2DMode":false,"pivot":{"x":-975.1900024414063,"y":-626.6699829101563,"z":-328.4100036621094},"rotation":{"x":0.29367363452911379,"y":-0.08873866498470307,"z":0.027389783412218095,"w":0.9513925313949585},"size":2.8578836917877199,"orthographic":false}